chr	start	end	strand	pvalue	qvalue	meth.diff	ID	gene	distance
chr1	118741406	118741406	-	8.54759524935804e-32	5.90006309682189e-28	-94.1538461538462	uc.25	Tfcp2l1	(+113461)
chr10	60918917	60918917	+	2.25602118142316e-15	2.10865427310651e-13	-75.7352941176471	uc.52	Pcbd1	(-170442)
chr16	52079706	52079706	+	9.99580198702764e-19	2.45322747717892e-16	-81.25	uc.212	Cblb	(+48158)
chr2	24579021	24579021	-	3.79035515125421e-15	3.3102395023941e-13	-78.8461538461538	uc.280	Pax8	(-103423)
chr2	164776965	164776965	-	4.56192234082761e-15	3.89355488714642e-13	75.8687258687259	uc.308	Tnnc2	(+2776)
chr7	136349784	136349784	-	1.15674108062868e-43	4.25841119101201e-39	86.4197530864198	uc.498	Mgmt	(-544830)
chr9	62744071	62744071	-	5.22622478242453e-22	3.13011185971051e-19	-78.2758620689655	uc.555	Fem1b	(+67863)
