chr	start	end	strand	pvalue	qvalue	meth.diff	ID	gene	distance
chr2	32656251	32656251	-	1.86755947532041e-34	1.79715522999851e-30	52.2901865650089	uc.13	Eng	(+9657),
chr2	32656267	32656267	-	2.36074012717721e-23	1.63084874950185e-20	44.0172290021536	uc.14	Eng	(+9673),
chr2	32656274	32656274	-	1.09661780393288e-21	5.07173564620297e-19	42.5102554875855	uc.15	Eng	(+9680)
chr5	82551811	82551811	-	2.88021764725387e-38	5.64226241657426e-34	42.4114774114774	uc.24	Tecrl	(+803384)
